,reliability,sex,subj,agem,experiment,exp,cost,video_quality,audio_quality,device,highchair,HV_side,first_test,first_fam,first_test_deeper_side,control_deeper_side,control_firstevent,control_1,control_2,fam1,fam2,fam3,fam4,fam5,fam6,test1,test2,test3,test4,avg_fam,sum_fam,testavg_lower,testavg_higher,lower1,lower2,higher1,higher2,control_shallow,control_deep
,,m,S1_1,10.5,LUTS.Exp.1,,Barriers,,,,,left,HV,HL,,,,,,60,60,60,60,59.12,9.75,32.8,6.38,14.2,60,51.48,308.87,33.19,23.5,6.38,60,32.8,14.2,,
,,f,S1_10,9.9,LUTS.Exp.1,,Barriers,,,,,left,LV,LH,,,,,,60,60,50.06,23.11,13.93,14.26,54.04,20.82,11.82,19.46,36.89,221.36,32.93,20.14,54.04,11.82,20.82,19.46,,
,,m,S1_11,9.8,LUTS.Exp.1,,Barriers,,,,,left,HV,HL,,,,,,60,60,48.73,60,29.89,36.65,52.47,18.15,34.18,30.82,49.21,295.27,24.49,43.33,18.15,30.82,52.47,34.18,,
,,m,S1_12,9.9,LUTS.Exp.1,,Barriers,,,,,right,LV,LH,,,,,,60,60,60,37.15,13.48,51.68,33.26,45.95,5.65,14.07,47.05,282.31,19.46,30.01,33.26,5.65,45.95,14.07,,
,,f,S1_13,10.167,LUTS.Exp.1,,Barriers,,,,,right,HV,LH,,,,,,60,60,60,40.67,28.57,10.77,7.22,6.86,6.5,NA,43.34,260.01,6.86,6.86,6.86,NA,7.22,6.5,,
,,f,S1_14,9.967,LUTS.Exp.1,,Barriers,,,,,right,LV,HL,,,,,,60,11.14,56.06,60,32.97,28.77,17.37,9.95,12.22,6.71,41.49,248.94,14.8,8.33,17.37,12.22,9.95,6.71,,
,,f,S1_15,9.867,LUTS.Exp.1,,Barriers,,,,,left,HV,LH,,,,,,50.16,60,14.5,60,26.02,15.39,30.25,27.23,9.85,NA,37.68,226.07,27.23,20.05,27.23,NA,30.25,9.85,,
,,f,S1_16,9.633,LUTS.Exp.1,,Barriers,,,,,right,HV,HL,,,,,,60,60,60,60,60,38.72,60,41.59,16.9,48.4,56.45,338.72,45,38.45,41.59,48.4,60,16.9,,
,,f,S1_17,9.733,LUTS.Exp.1,,Barriers,,,,,right,HV,LH,,,,,,60,60,60,4.78,60,10.76,12.44,13.5,60,10.31,42.59,255.54,11.91,36.22,13.5,10.31,12.44,60,,
,,f,S1_18,9.433,LUTS.Exp.1,,Barriers,,,,,left,HV,HL,,,,,,60,60,37.77,60,54.53,12.2,20.6,54.48,9.27,8.19,47.42,284.5,31.34,14.94,54.48,8.19,20.6,9.27,,
,,m,S1_19,10.267,LUTS.Exp.1,,Barriers,,,,,right,LV,LH,,,,,,60,60,48.29,5.38,12.77,19.32,11.17,11.4,11.8,10.24,34.29,205.76,11.49,10.82,11.17,11.8,11.4,10.24,,
,,f,S1_2,9.6,LUTS.Exp.1,,Barriers,,,,,left,LV,HL,,,,,,60,60,37.83,25.99,56.68,38.89,17.48,60,26.73,7.2,46.57,279.39,22.11,33.6,17.48,26.73,60,7.2,,
,,m,S1_20,10.533,LUTS.Exp.1,,Barriers,,,,,right,LV,HL,,,,,,60,60,46.36,18.56,10.22,13.45,46.77,18.05,57.4,13.34,34.77,208.59,52.09,15.7,46.77,57.4,18.05,13.34,,
,,f,S1_21,10.067,LUTS.Exp.1,,Barriers,,,,,left,LV,HL,,,,,,60,16.2,25.8,60,6.78,16.06,36.1,8.3,8.53,8.41,30.81,184.84,22.32,8.36,36.1,8.53,8.3,8.41,,
,,f,S1_22,10.433,LUTS.Exp.1,,Barriers,,,,,right,HV,HL,,,,,,60,60,60,29.98,19.33,46.7,22.1,8.45,8.92,30.49,46,276.01,19.47,15.51,8.45,30.49,22.1,8.92,,
,,m,S1_23,9.967,LUTS.Exp.1,,Barriers,,,,,left,HV,LH,,,,,,60,29.65,17.41,25.62,19.66,25.89,8.67,22.46,21.8,21.91,29.71,178.23,22.19,15.24,22.46,21.91,8.67,21.8,,
,,f,S1_24,9.667,LUTS.Exp.1,,Barriers,,,,,left,LV,LH,,,,,,60,60,60,7.87,60,9.06,59.25,48.48,30.86,29.82,42.82,256.93,45.06,39.15,59.25,30.86,48.48,29.82,,
,,f,S1_3,9.7,LUTS.Exp.1,,Barriers,,,,,right,HV,HL,,,,,,60,60,60,60,18.18,10.7,60,60,18.46,52.83,44.81,268.88,56.42,39.23,60,52.83,60,18.46,,
,,m,S1_4,9.867,LUTS.Exp.1,,Barriers,,,,,left,HV,LH,,,,,,60,31.28,4.94,4.97,3.77,4.17,15.26,21.75,13.12,24.77,18.19,109.13,23.26,14.19,21.75,24.77,15.26,13.12,,
,,m,S1_5,10.1,LUTS.Exp.1,,Barriers,,,,,right,LV,HL,,,,,,60,60,60,60,60,60,42.11,45.75,9.08,8.59,60,360,25.6,27.17,42.11,9.08,45.75,8.59,,
,,f,S1_6,9.733,LUTS.Exp.1,,Barriers,,,,,left,LV,LH,,,,,,60,60,60,54.82,41.28,19.1,23.59,6.99,6.06,7.47,49.2,295.2,14.83,7.23,23.59,6.06,6.99,7.47,,
,,m,S1_7,9.9,LUTS.Exp.1,,Barriers,,,,,right,LV,LH,,,,,,60,60,60,12.31,28.68,6.3,60,47.76,32.3,8.25,37.88,227.29,46.15,28.01,60,32.3,47.76,8.25,,
,,f,S1_8,9.8,LUTS.Exp.1,,Barriers,,,,,right,HV,LH,,,,,,60,60,55.23,60,60,60,3.31,12.66,1.71,17.33,59.21,355.23,15,2.51,12.66,17.33,3.31,1.71,,
,,f,S1_9,10.267,LUTS.Exp.1,,Barriers,,,,,left,LV,HL,,,,,,60,60,60,60,60,60,58.83,17.33,58.3,10.47,60,360,58.57,13.9,58.83,58.3,17.33,10.47,,
,,m,S2_1,9.8,LUTS.Exp.2,,Ramps,,,,,right,HV,LH,,,,,,60,60,35.95,60,60,60,60,21.71,42.63,29.38,55.99,335.95,25.55,51.32,21.71,29.38,60,42.63,,
,,f,S2_10,10,LUTS.Exp.2,,Ramps,,,,,left,HV,HL,,,,,,60,32.04,44.79,9.57,16.39,8.64,23.13,18.09,41.01,60,28.57,171.43,39.05,32.07,18.09,60,23.13,41.01,,
,,m,S2_11,9.633,LUTS.Exp.2,,Ramps,,,,,left,LV,LH,,,,,,60,17.3,56.6,8.78,22.8,3.57,18.43,28.93,28.25,37.67,28.18,169.05,23.34,33.3,18.43,28.25,28.93,37.67,,
,,f,S2_12,9.9,LUTS.Exp.2,,Ramps,,,,,right,HV,HL,,,,,,60,60,33.27,28.59,9.62,11.77,24.52,13.98,60,57.99,33.88,203.25,35.99,42.26,13.98,57.99,24.52,60,,
,,f,S2_13,9.833,LUTS.Exp.2,,Ramps,,,,,right,LV,LH,,,,,,60,60,27.3,46.19,10.87,2.59,60,28.25,5.63,4.28,34.49,206.95,32.82,16.27,60,5.63,28.25,4.28,,
,,f,S2_14,9.467,LUTS.Exp.2,,Ramps,,,,,left,HV,LH,,,,,,60,60,49.32,46.89,60,54.65,60,60,58.09,44.37,55.14,330.86,52.19,59.05,60,44.37,60,58.09,,
,,f,S2_15,10.2,LUTS.Exp.2,,Ramps,,,,,left,LV,HL,,,,,,60,60,17.03,11.44,13.98,22.25,21.76,7.3,16.6,5.53,30.78,184.7,19.18,6.42,21.76,16.6,7.3,5.53,,
,,m,S2_16,9.767,LUTS.Exp.2,,Ramps,,,,,right,LV,HL,,,,,,60,48.48,23.17,23.41,9.15,33.17,30.07,7.86,19.51,7.85,32.9,197.38,24.79,7.86,30.07,19.51,7.86,7.85,,
,,f,S2_17,9.9,LUTS.Exp.2,,Ramps,,,,,right,HV,HL,,,,,,36.02,50.71,16.32,60,21.76,3.93,39.69,12.81,8.35,36.23,31.46,188.74,24.52,24.02,12.81,36.23,39.69,8.35,,
,,m,S2_18,9.7,LUTS.Exp.2,,Ramps,,,,,left,HV,HL,,,,,,60,60,60,9.03,14.43,30.57,16.26,23.82,20.68,10.24,39.01,234.03,17.03,18.47,23.82,10.24,16.26,20.68,,
,,f,S2_19,10.433,LUTS.Exp.2,,Ramps,,,,,right,LV,HL,,,,,,60,45.49,42.38,23.51,21.49,5.23,33.26,NA,17.45,9.93,33.02,198.1,25.36,9.93,33.26,17.45,NA,9.93,,
,,m,S2_2,9.833,LUTS.Exp.2,,Ramps,,,,,right,LV,HL,,,,,,44.15,12.16,16.31,8.73,7.64,9.01,30.34,27.63,42.5,37.63,16.33,98,36.42,32.63,30.34,42.5,27.63,37.63,,
,,f,S2_20,9.467,LUTS.Exp.2,,Ramps,,,,,left,LV,LH,,,,,,60,27.99,15.84,2.43,29.42,3.41,60,60,22.41,51.34,23.18,139.09,41.21,55.67,60,22.41,60,51.34,,
,,f,S2_21,10.1,LUTS.Exp.2,,Ramps,,,,,left,LV,HL,,,,,,60,29.45,24.84,10.06,15.27,28.13,24.35,12.74,7.14,6.29,27.96,167.75,15.75,9.52,24.35,7.14,12.74,6.29,,
,,m,S2_22,9.867,LUTS.Exp.2,,Ramps,,,,,right,HV,LH,,,,,,60,60,41.53,15.53,33.75,10.47,29.16,60,10.92,7.48,36.88,221.28,33.74,20.04,60,7.48,29.16,10.92,,
,,f,S2_23,9.767,LUTS.Exp.2,,Ramps,,,,,left,HV,LH,,,,,,60,19.66,17.57,21.47,3.46,21.45,27.88,15.62,3.77,NA,23.94,143.61,15.62,15.83,15.62,NA,27.88,3.77,,
,,f,S2_24,9.733,LUTS.Exp.2,,Ramps,,,,,right,LV,LH,,,,,,60,60,4.02,60,60,23.88,60,42.29,14.26,13.03,44.65,267.9,37.13,27.66,60,14.26,42.29,13.03,,
,,f,S2_3,9.933,LUTS.Exp.2,,Ramps,,,,,left,LV,HL,,,,,,60,60,60,60,15.08,3.85,60,8.28,13.89,32.51,43.16,258.93,36.95,20.4,60,13.89,8.28,32.51,,
,,m,S2_4,10.167,LUTS.Exp.2,,Ramps,,,,,left,HV,HL,,,,,,60,60,60,60,60,18.09,21.19,44.45,7.86,29.89,53.02,318.09,37.17,14.53,44.45,29.89,21.19,7.86,,
,,f,S2_5,10.333,LUTS.Exp.2,,Ramps,,,,,right,HV,HL,,,,,,60,60,48.59,11.72,3.57,8.68,14.14,12.25,4.93,5.25,32.09,192.56,8.75,9.54,12.25,5.25,14.14,4.93,,
,,f,S2_6,9.8,LUTS.Exp.2,,Ramps,,,,,right,LV,LH,,,,,,60,31.16,9.79,29.74,47.46,27.64,56.53,16.97,36.16,6.94,34.3,205.79,46.35,11.96,56.53,36.16,16.97,6.94,,
,,m,S2_7,9.8,LUTS.Exp.2,,Ramps,,,,,left,LV,LH,,,,,,60,36.56,60,22.63,22.55,3.49,12.98,8.55,NA,NA,34.21,205.23,12.98,8.55,12.98,NA,8.55,NA,,
,,f,S2_8,10,LUTS.Exp.2,,Ramps,,,,,left,HV,LH,,,,,,60,58.74,51.45,60,47.52,60,60,60,60,60,56.29,337.71,60,60,60,60,60,60,,
,,m,S2_9,9.733,LUTS.Exp.2,,Ramps,,,,,right,HV,LH,,,,,,60,60,60,9.64,25.98,3.89,39.64,60,60,32.25,36.59,219.51,46.13,49.82,60,32.25,39.64,60,,
,,m,S3_1,9.733,LUTS.Exp.3,,Gap,,,,,left,LV,HL,,,,,,60,23.1,60,47.9,24.6,43,39.24,5.47,5.54,4.98,43.1,258.6,22.39,5.23,39.24,5.54,5.47,4.98,,
,,f,S3_10,9.767,LUTS.Exp.3,,Gap,,,,,right,LV,LH,,,,,,60,21.8,15,26.9,18.6,24.7,29.14,16.7,7.34,13.75,27.83,167,18.24,15.23,29.14,7.34,16.7,13.75,,
,,f,S3_11,10.3,LUTS.Exp.3,,Gap,,,,,left,HV,HL,,,,,,60,33.5,11.2,15.1,6.1,3.8,23.33,10.68,8.19,6.86,21.62,129.7,8.77,15.76,10.68,6.86,23.33,8.19,,
,,m,S3_12,10.3,LUTS.Exp.3,,Gap,,,,,right,HV,LH,,,,,,60,60,15.39,55.87,3.58,3.84,5.25,6.86,6.87,7.14,33.11,198.68,7,6.06,6.86,7.14,5.25,6.87,,
,,f,S3_13,10.333,LUTS.Exp.3,,Gap,,,,,left,HV,LH,,,,,,60,5.4,60,12.7,60,60,17.56,40.4,17.44,12.08,43.02,258.1,26.24,17.5,40.4,12.08,17.56,17.44,,
,,m,S3_14,10.267,LUTS.Exp.3,,Gap,,,,,left,LV,LH,,,,,,13.2,30.5,21.5,7,36.2,18.4,11.1,14.75,7.13,6.94,21.13,126.8,9.12,10.85,11.1,7.13,14.75,6.94,,
,,m,S3_15,9.667,LUTS.Exp.3,,Gap,,,,,right,HV,HL,,,,,,34,22.3,33.6,11.7,4.8,12,6.35,3.73,NA,NA,19.73,118.4,3.73,6.35,3.73,NA,6.35,NA,,
,,f,S3_16,10.067,LUTS.Exp.3,,Gap,,,,,left,HV,LH,,,,,,60,60,4.2,29,17.6,11.3,30.81,7.36,6.75,6.89,30.35,182.1,7.13,18.78,7.36,6.89,30.81,6.75,,
,,f,S3_17,9.667,LUTS.Exp.3,,Gap,,,,,left,HV,HL,,,,,,60,5,32.4,39.8,34,6.1,60,36.88,42.92,21.61,29.55,177.3,29.25,51.46,36.88,21.61,60,42.92,,
,,f,S3_18,10.367,LUTS.Exp.3,,Gap,,,,,right,LV,HL,,,,,,60,43.6,28.9,4.1,9.5,13.4,15.9,10.29,18.14,7.18,26.58,159.5,17.02,8.74,15.9,18.14,10.29,7.18,,
,,f,S3_19,10.467,LUTS.Exp.3,,Gap,,,,,left,HV,HL,,,,,,60,40.4,21.5,33.7,12.8,7.7,31.21,20.72,6.61,5.89,29.35,176.1,13.31,18.91,20.72,5.89,31.21,6.61,,
,,m,S3_2,9.867,LUTS.Exp.3,,Gap,,,,,right,HV,LH,,,,,,60,27.1,39,60,36.9,20,48.22,37.16,6.52,7.83,40.5,243,22.5,27.37,37.16,7.83,48.22,6.52,,
,,m,S3_20,10.433,LUTS.Exp.3,,Gap,,,,,right,HV,HL,,,,,,23.6,44.2,23.3,13.4,14.6,5,37.47,32.24,29.39,31.4,20.68,124.1,31.82,33.43,32.24,31.4,37.47,29.39,,
,,m,S3_21,9.933,LUTS.Exp.3,,Gap,,,,,left,LV,HL,,,,,,50.2,16,13.4,15.5,60,24,60,25.44,32.78,8.67,29.85,179.1,46.39,17.06,60,32.78,25.44,8.67,,
,,m,S3_22,10.5,LUTS.Exp.3,,Gap,,,,,right,HV,HL,,,,,,60,60,5.5,41,3.6,40.8,8.92,42.02,NA,NA,35.15,210.9,42.02,8.92,42.02,NA,8.92,NA,,
,,f,S3_23,9.933,LUTS.Exp.3,,Gap,,,,,right,LV,LH,,,,,,47.8,24.2,22.2,6.6,17.4,9.8,46.99,27.75,24.92,3.43,21.33,128,35.96,15.59,46.99,24.92,27.75,3.43,,
,,m,S3_24,9.833,LUTS.Exp.3,,Gap,,,,,right,HV,HL,,,,,,60,49,5.4,60,60,60,46.24,16.62,9.73,20.95,49.07,294.4,18.79,27.99,16.62,20.95,46.24,9.73,,
,,f,S3_25,10,LUTS.Exp.3,,Gap,,,,,left,HV,LH,,,,,,60,60,41.6,18.3,11.2,8.5,5.71,5,3.95,6.71,33.27,199.6,5.86,4.83,5,6.71,5.71,3.95,,
,,m,S3_26,10.433,LUTS.Exp.3,,Gap,,,,,left,LV,LH,,,,,,60,60,13.3,60,15,60,60,40.5,18.18,21.11,44.72,268.3,39.09,30.81,60,18.18,40.5,21.11,,
,,m,S3_27,10.333,LUTS.Exp.3,,Gap,,,,,left,LV,LH,,,,,,60,60,51.1,23,30.7,60,31.69,8.52,8.5,9.1,47.47,284.8,20.1,8.81,31.69,8.5,8.52,9.1,,
,,m,S3_28,9.567,LUTS.Exp.3,,Gap,,,,,left,LV,LH,,,,,,56.2,22.6,33.7,7.3,12.8,6.8,21.15,7.27,4.81,13.69,23.23,139.4,12.98,10.48,21.15,4.81,7.27,13.69,,
,,m,S3_29,9.667,LUTS.Exp.3,,Gap,,,,,right,HV,LH,,,,,,60,38.6,28.9,21.2,49,60,16.52,11.1,20.02,53.89,42.95,257.7,32.5,18.27,11.1,53.89,16.52,20.02,,
,,f,S3_3,10.167,LUTS.Exp.3,,Gap,,,,,right,LV,HL,,,,,,60,60,60,60,59.4,40.7,60,54.97,60,24.38,56.68,340.1,60,39.68,60,60,54.97,24.38,,
,,m,S3_30,9.933,LUTS.Exp.3,,Gap,,,,,left,HV,HL,,,,,,60,60,60,60,40.02,60,28.2,24.52,11.1,6.88,56.67,340.02,15.7,19.65,24.52,6.88,28.2,11.1,,
,,f,S3_31,9.6,LUTS.Exp.3,,Gap,,,,,right,LV,LH,,,,,,60,7.6,4.7,7.5,2.9,27,26.35,25.16,25.12,9.93,18.28,109.7,25.74,17.55,26.35,25.12,25.16,9.93,,
,,f,S3_32,9.733,LUTS.Exp.3,,Gap,,,,,left,HV,LH,,,,,,60,60,60,60,60,25.1,23.38,8.5,8.32,11.9,54.18,325.1,10.2,15.85,8.5,11.9,23.38,8.32,,
,,m,S3_4,9.867,LUTS.Exp.3,,Gap,,,,,left,LV,HL,,,,,,47.7,16.2,4.2,32.5,4.5,6.3,19.18,24.32,12.55,12.64,18.57,111.4,15.87,18.48,19.18,12.55,24.32,12.64,,
,,f,S3_5,10.167,LUTS.Exp.3,,Gap,,,,,right,LV,HL,,,,,,60,60,30.7,14.2,25.6,13,35.96,7.51,12.77,14.45,33.92,203.5,24.37,10.98,35.96,12.77,7.51,14.45,,
,,m,S3_6,10.2,LUTS.Exp.3,,Gap,,,,,right,HV,LH,,,,,,60,6.5,18.5,38,27.8,37.6,48.52,5.26,5.77,25.96,31.4,188.4,15.61,27.15,5.26,25.96,48.52,5.77,,
,,f,S3_7,9.6,LUTS.Exp.3,,Gap,,,,,right,LV,HL,,,,,,60,13.1,14.8,60,3.3,60,34.82,9.62,9.11,9.4,35.2,211.2,21.97,9.51,34.82,9.11,9.62,9.4,,
,,m,S3_8,10.1,LUTS.Exp.3,,Gap,,,,,left,LV,HL,,,,,,60,60,60,30.2,26.1,12.9,45.11,6.83,18.42,4.12,41.53,249.2,31.77,5.48,45.11,18.42,6.83,4.12,,
,,f,S3_9,10.233,LUTS.Exp.3,,Gap,,,,,right,LV,LH,,,,,,60,60,60,60,50.3,60,60,18.66,32.45,13.85,58.38,350.3,46.23,16.26,60,32.45,18.66,13.85,,
,1,f,01-MR,10.06666667,MR10,Exp.2b,Risk,,,,,,shallow,fam1,right,left,deep,26.15,20.77,58.7,60,60,23.6,60,34,47.26,60,60,60,49.38,296.3,53.63,60,47.26,60,60,60,20.77,26.15
,0,m,03-MR,10.06666667,MR10,Exp.2b,Risk,,,,,,shallow,fam2,left,left,deep,4.59,6.36,60,60,18,11.7,60,60,55.15,9.18,7.31,5,44.95,269.7,31.23,7.09,55.15,7.31,9.18,5,6.36,4.59
,1,f,12-MR,10.33333333,MR10,Exp.2b,Risk,,,,,,deep,fam1,left,right,shallow,14.55,20.77,60,60,23.1,5.2,23.8,13.8,NA - 16.388,16.39,32.5,13.67,30.98,185.9,15.03,32.5,16.39,13.67,NA - 16.388,32.5,14.55,20.77
,0,f,13-MR,10.06666667,MR10,Exp.2b,Risk,,,,,,shallow,fam2,left,left,deep,5.37,5.68,60,60,60,60,60,60,15.1,16.29,9.45,NA - 3.468,60,360,12.27,16.29,15.1,9.45,16.29,NA - 3.468,5.68,5.37
,0,m,15-MR,9.8,MR10,Exp.2b,Risk,,,,,,deep,fam2,right,right,shallow,14.99,11.02,60,60,60,52.5,6.4,3,31.12,5.81,NA - 3.604,NA - 2.108,40.32,241.9,5.81,31.12,5.81,NA - 2.108,31.12,NA - 3.604,14.99,11.02
,0,f,17-MR,10.26666667,MR10,Exp.2b,Risk,,,,,,shallow,fam1,right,left,deep,10.2,18.19,14.3,11.7,5.9,6.4,6.9,7.1,29.44,31.62,5.41,22.54,8.72,52.3,17.43,27.08,29.44,5.41,31.62,22.54,18.19,10.2
,0,m,18-MR,9.666666667,MR10,Exp.2b,Risk,,,,,,shallow,fam1,right,left,deep,9.76,8.4,60,23.7,19.1,19.5,4.4,7.3,9.28,21.25,8.36,8.7,22.33,134,8.82,14.98,9.28,8.36,21.25,8.7,8.4,9.76
,1,m,19-MR,10.3,MR10,Exp.2b,Risk,,,,,,shallow,fam1,right,left,deep,16.97,53.69,60,60,60,60,60,23,60,60,NA - 1.292,NA - 1.088,53.83,323,60,60,60,NA - 1.292,60,NA - 1.088,53.69,16.97
,1,m,21-MR,9.466666667,MR10,Exp.2b,Risk,,,,,,deep,fam1,left,right,shallow,22,3.2,60,60,60,60,33.8,28.2,39.85,60,60,32.78,50.33,302,46.39,49.92,60,32.78,39.85,60,22,3.2
,0,f,22-MR,9.466666667,MR10,Exp.2b,Risk,,,,,,shallow,fam1,right,left,deep,10,23.36,60,60,60,21.3,10.3,3.2,6.66,6.39,NA - 2.72,NA - 2.788,35.8,214.8,6.66,6.39,6.66,NA - 2.72,6.39,NA - 2.788,23.36,10
,0,f,28-MR,10.26666667,MR10,Exp.2b,Risk,,,,,,deep,fam1,left,right,shallow,9.62,39.27,60,60,19.3,60,40.3,7.4,NA - 2.21,8.19,14.01,7.04,41.17,247,7.62,14.01,8.19,7.04,NA - 2.21,14.01,9.62,39.27
,1,f,29-MR,9.8,MR10,Exp.2b,Risk,,,,,,shallow,fam2,left,left,deep,13.23,14.55,48.9,31.8,4.4,4.1,11.8,8.1,9.79,11.29,5.75,NA - 3.808,18.18,109.1,7.77,11.29,9.79,5.75,11.29,NA - 3.808,14.55,13.23
,0,f,30-MR,9.566666667,MR10,Exp.2b,Risk,,,,,,deep,fam1,left,right,shallow,19.28,8.23,60,35.1,11.4,31.5,3.3,2.8,40.83,12.95,15.16,12.07,24.02,144.1,12.51,28,12.95,12.07,40.83,15.16,19.28,8.23
,1,f,35-MR,9.966666667,MR10,Exp.2b,Risk,,,,,,deep,fam2,right,right,shallow,13.02,12.58,14.2,24.8,60,60,59,60,60,17.92,44.71,17.58,46.33,278,17.75,52.36,17.92,17.58,60,44.71,13.02,12.58
,0,f,36-MR,9.7,MR10,Exp.2b,Risk,,,,,,shallow,fam2,left,left,deep,10.47,5.76,60,44.9,40,17.1,3.8,3.3,5.13,NA-4.046,19.18,10,28.18,169.1,12.16,10,5.13,19.18,NA-4.046,10,5.76,10.47
,0,f,37-MR,10.06666667,MR10,Exp.2b,Risk,,,,,,deep,fam1,left,right,shallow,11.29,5.78,60,60,55.2,32.2,19.4,8.6,6.56,4.69,16.32,20.3,39.23,235.4,12.5,11.44,4.69,20.3,6.56,16.32,11.29,5.78
,0,m,38-MR,8.966666667,MR10,Exp.2b,Risk,,,,,,shallow,fam2,left,left,deep,5.85,4.39,21.8,13.5,11.9,7,4.4,28.5,11.49,40.43,9.66,NA - 2.822,14.52,87.1,10.57,40.43,11.49,9.66,40.43,NA - 2.822,4.39,5.85
,1,f,41-MR,9.933333333,MR10,Exp.2b,Risk,,,,,,deep,fam2,right,right,shallow,9.35,7.62,43.2,60,21.1,22.2,29.9,6.6,NA-3.06,60,45.73,19.89,30.5,183,39.95,45.73,60,19.89,NA-3.06,45.73,9.35,7.62
,1,m,42-MR,9.866666667,MR10,Exp.2b,Risk,,,,,,deep,fam2,right,right,shallow,19.89,12,60,60,26.5,21.2,31,11.7,16.22,23.49,10.47,10.2,35.07,210.4,16.85,13.35,23.49,10.2,16.22,10.47,19.89,12
,0,f,43-MR,9.833333333,MR10,Exp.2b,Risk,,,,,,deep,fam2,right,right,shallow,26.01,14.25,60,49.9,60,40.8,57.8,14.2,28.46,60,25.51,10.88,47.12,282.7,35.44,26.99,60,10.88,28.46,25.51,26.01,14.25
,0,f,53-MR,10.33333333,MR10,Exp.2b,Risk,,,,,,shallow,fam2,left,left,deep,17.65,6.83,60,16.2,46.4,57,22.7,5.5,19.52,NA - 4.182,36.52,39.2,34.63,207.8,28.02,39.2,19.52,36.52,NA - 4.182,39.2,6.83,17.65
,0,f,55-MR,10.2,MR10,Exp.2b,Risk,,,,,,deep,fam1,left,right,shallow,11.9,6.94,60,24.4,4.9,23.3,23.9,5.4,14.55,5.17,18.29,Fuss out,23.65,141.9,5.17,16.42,5.17,Fuss out,14.55,18.29,11.9,6.94
,1,m,58-MR,9.533333333,MR10,Exp.2b,Risk,,,,,,shallow,fam1,right,left,deep,16.32,10.3,60,60,12,16.1,25.9,5.5,14.62,8.64,14.52,10,29.92,179.5,14.57,9.32,14.62,14.52,8.64,10,10.3,16.32
,1,f,60-MR,10.46666667,MR10,Exp.2b,Risk,,,,,,shallow,fam1,right,left,deep,5.88,7.31,60,60,58.4,21,21.2,25.8,3.67,12.41,54.98,60,41.07,246.4,29.33,36.21,3.67,54.98,12.41,60,7.31,5.88
,1,f,61-MR,9.566666667,MR10,Exp.2b,Risk,,,,,,shallow,fam1,right,left,deep,19.21,4.76,60,40.7,13.6,4.7,5.1,19.7,9.96,9.93,14.79,9.93,23.97,143.8,12.38,9.93,9.96,14.79,9.93,9.93,4.76,19.21
,0,m,62-MR,10.3,MR10,Exp.2b,Risk,,,,,,deep,fam1,left,right,shallow,10.95,19.11,60,60,39.5,12.4,11.6,10.8,9.66,9.66,17.24,11.93,32.38,194.3,10.8,13.45,9.66,11.93,9.66,17.24,10.95,19.11
,0,m,63-MR,10.4,MR10,Exp.2b,Risk,,,,,,deep,fam2,right,right,shallow,13.53,6.05,60,58.6,60,51.1,7,32.3,12.04,26.59,5.47,12.51,44.83,269,19.55,8.76,26.59,12.51,12.04,5.47,13.53,6.05
,1,m,64-MR,10.33333333,MR10,Exp.2b,Risk,,,,,,shallow,fam2,left,left,deep,16.12,27.34,60,60,47.4,60,13.3,13.1,26.04,18.7,34.14,38.62,42.3,253.8,30.09,28.66,26.04,34.14,18.7,38.62,27.34,16.12
,0,m,65-MR,9.866666667,MR10,Exp.2b,Risk,,,,,,shallow,fam2,left,left,deep,22.88,21.62,60,58.1,60,19.2,12.2,10.4,11.73,6.56,16.66,9.01,36.65,219.9,14.2,7.79,11.73,16.66,6.56,9.01,21.62,22.88
,1,m,66-MR,10.06666667,MR10,Exp.2b,Risk,,,,,,deep,fam2,right,right,shallow,4.56,4.69,60,60,11.2,20.2,20.2,48.7,31.82,8.36,9.08,21.22,36.72,220.3,14.79,20.45,8.36,21.22,31.82,9.08,4.56,4.69
,1,f,02-MR,12.93333333,MR13,Exp.2,Risk,,,,,,shallow,fam1,right,left,deep,9.28,7.14,60,48.3,60,11.8,1.6,13.3,45.05,NA 1.836,59.6,60,32.5,195,52.33,60,45.05,59.6,NA 1.836,60,7.14,9.28
,0,f,04-MR,12.7,MR13,Exp.2,Risk,,,,,,deep,fam2,right,right,shallow,27.2,NA - 6.46,60,19,16.6,17.4,18.9,9.7,19.24,9.57,5.54,11.97,23.6,141.6,10.77,12.39,9.57,11.97,19.24,5.54,27.2,NA - 6.46
,1,m,05-MR,13.5,MR13,Exp.2,Risk,,,,,,deep,fam2,right,right,shallow,11.32,7.45,60,13.3,28.2,60,15.5,30.8,16.18,3.74,23.83,40.15,34.63,207.8,21.95,20.01,3.74,40.15,16.18,23.83,11.32,7.45
,0,m,06-MR,13.1,MR13,Exp.2,Risk,,,,,,deep,fam2,right,right,shallow,21.93,16.08,60,60,47,11.7,23.4,6.9,23.97,NA 3.842,NA 4.862,22.78,34.83,209,22.78,23.97,NA 3.842,22.78,23.97,NA 4.862,21.93,16.08
,1,m,07-MR,12.7,MR13,Exp.2,Risk,,,,,,deep,fam2,right,right,shallow,13.29,10.3,60,60,13.1,2.1,2.4,2.2,17.2,16.8,NA 0.952,NA 2.686,23.3,139.8,16.8,17.2,16.8,NA 2.686,17.2,NA 0.952,13.29,10.3
,0,f,08-MR,12.96666667,MR13,Exp.2,Risk,,,,,,shallow,fam1,right,left,deep,12.07,11.46,50.2,20.8,10.5,28.3,17.1,6.4,11.63,28.29,24.51,50.07,22.22,133.3,18.07,39.18,11.63,24.51,28.29,50.07,11.46,12.07
,1,m,09-MR,12.83333333,MR13,Exp.2,Risk,,,,,,shallow,fam2,left,left,deep,32.61,27.88,60,60,60,60,60,60,48.65,55.25,60,60,60,360,54.33,57.63,48.65,60,55.25,60,27.88,32.61
,1,m,10-MR,13.1,MR13,Exp.2,Risk,,,,,,deep,fam1,left,right,shallow,20.84,21.35,60,44.8,60,38.1,14,28.1,11.59,8.5,9.93,NA - .952,40.83,245,8.5,10.76,8.5,NA - .952,11.59,9.93,20.84,21.35
,1,m,11-MR,13.4,MR13,Exp.2,Risk,,,,,,shallow,fam2,left,left,deep,11.12,19.11,60,60,60,60,20,15,12.24,6.26,10.88,10.34,45.83,275,11.56,8.3,12.24,10.88,6.26,10.34,19.11,11.12
,0,f,14-MR,12.83333333,MR13,Exp.2,Risk,,,,,,shallow,fam1,right,left,deep,NA - 47.362,26.42,60,60,60,60,20.7,2,NA - 2.482,60,60,60,43.78,262.7,60,60,NA - 2.482,60,60,60,26.42,NA - 47.362
,1,f,16-MR,12.76666667,MR13,Exp.2,Risk,,,,,,deep,fam1,left,right,shallow,12.07,5.47,60,33,56.6,15.5,30.8,9.3,19.75,6.73,9.66,34.54,34.2,205.2,20.64,14.71,6.73,34.54,19.75,9.66,12.07,5.47
,1,m,20-MR,12.83333333,MR13,Exp.2,Risk,,,,,,deep,fam1,left,right,shallow,18.39,13.46,60,54.5,13.2,12.8,22.9,28.8,18.5,6.22,13.53,NA 4.216,32.03,192.2,6.22,16.01,6.22,NA 4.216,18.5,13.53,18.39,13.46
,0,f,23-MR,12.73333333,MR13,Exp.2,Risk,,,,,,deep,fam2,right,right,shallow,3.84,4.18,11.2,11.9,11.9,60,10.1,30.3,21.18,NA 25.398,60,24.99,22.57,135.4,24.99,40.59,NA 25.398,24.99,21.18,60,3.84,4.18
,0,m,24-MR,12.83333333,MR13,Exp.2,Risk,,,,,,shallow,fam1,right,left,deep,24.31,35.52,60,60,60,38.5,4.1,11.5,9.35,40.15,5.95,57.8,39.02,234.1,7.65,48.98,9.35,5.95,40.15,57.8,35.52,24.31
,1,m,25-MR,12.56666667,MR13,Exp.2,Risk,,,,,,shallow,fam1,right,left,deep,9.01,9.18,50.9,15.1,5.9,19.8,29.1,10.3,15.47,NA - 2.686,7.89,7.68,21.85,131.1,11.68,7.68,15.47,7.89,NA - 2.686,7.68,9.18,9.01
,1,f,26-MR,12.56666667,MR13,Exp.2,Risk,,,,,,shallow,fam2,left,left,deep,14.42,18.87,60,60,60,38.9,41.2,3.3,14.38,18.8,15.78,18.16,43.9,263.4,15.08,18.48,14.38,15.78,18.8,18.16,18.87,14.42
,1,m,27-MR,13,MR13,Exp.2,Risk,,,,,,shallow,fam2,left,left,deep,5.98,11.12,60,38.7,9.9,15.1,13.9,6.5,11.59,11.29,10.3,12.78,24.02,144.1,10.95,12.04,11.59,10.3,11.29,12.78,11.12,5.98
,0,m,32-MR,13,MR13,Exp.2,Risk,,,,,,shallow,fam1,right,left,deep,8.87,7.45,19.5,26.7,13.3,20.2,4.6,8.1,9.42,NA - 3.094,8.3,19.72,15.4,92.4,8.86,19.72,9.42,8.3,NA - 3.094,19.72,7.45,8.87
,0,f,34-MR,13.4,MR13,Exp.2,Risk,,,,,,shallow,fam2,left,left,deep,22,14.72,60,51.4,22.2,60,60,40.2,47.67,28.25,NA - 2.244,24.68,48.97,293.8,47.67,26.47,47.67,NA - 2.244,28.25,24.68,14.72,22
,0,m,39-MR,12.86666667,MR13,Exp.2,Risk,,,,,,deep,fam1,left,right,shallow,7.85,9.59,34.1,17.7,11.9,3.6,22.7,14.3,23.05,7.34,NA - 1.36,NA - Fuss,17.38,104.3,7.34,23.05,7.34,NA - Fuss,23.05,NA - 1.36,7.85,9.59
,1,f,40-MR,12.66666667,MR13,Exp.2,Risk,,,,,,deep,fam1,left,right,shallow,10.51,7.55,60,23.4,10.7,11.2,12.4,24,20.47,18.05,NA - 4.42,11.66,23.62,141.7,14.86,20.47,18.05,11.66,20.47,NA - 4.42,10.51,7.55
,0,m,44-MR,12.66666667,MR13,Exp.2,Risk,,,,,,deep,fam2,right,right,shallow,5.64,4.05,60,17.2,39.6,22.2,12.8,13.6,21.22,23.9,20.71,27.81,27.57,165.4,25.86,20.96,23.9,27.81,21.22,20.71,5.64,4.05
,1,f,45-MR,13.43333333,MR13,Exp.2,Risk,,,,,,deep,fam2,right,right,shallow,9.59,8.06,60,60,60,60,60,13.1,54.09,29.48,10.71,24.21,52.18,313.1,26.84,32.4,29.48,24.21,54.09,10.71,9.59,8.06
,0,f,67-PM,12.76666667,MR13,Exp.2,Risk,,,,,,shallow,fam2,left,left,deep,6.56,6.15,60,60,3.9,36.9,10.9,16.8,29.68,21.66,6.12,30.5,31.42,188.5,17.9,26.08,29.68,6.12,21.66,30.5,6.56,6.15
,0,m,48-MR,12.63333333,MR13,Exp.2,Risk,,,,,,deep,fam1,left,right,shallow,10.91,7.48,49.3,20.6,48.1,3,12.1,19.4,13.57,NA - 4.352,NA - 2.244,19.52,25.42,152.5,19.52,13.57,NA - 4.352,19.52,13.57,NA - 2.244,10.91,7.48
,1,f,49-MR,12.86666667,MR13,Exp.2,Risk,,,,,,shallow,fam1,right,left,deep,20.54,20.3,59.5,30.2,3.9,3.4,4.2,2.6,NA - 2.652,NA - 2.618,7.24,31.01,17.3,103.8,7.24,31.01,NA - 2.652,7.24,NA - 2.618,31.01,20.3,20.54
,1,m,50-MR,12.53333333,MR13,Exp.2,Risk,,,,,,shallow,fam2,left,left,deep,9.96,14.65,60,60,35,34,12.5,2.2,8.13,8.64,NA 3.706,NA 2.142,33.95,203.7,8.13,8.64,8.13,NA 3.706,8.64,NA 2.142,14.65,9.96
,0,m,54-MR,12.86666667,MR13,Exp.2,Risk,,,,,,deep,fam1,left,right,shallow,29.61,7.04,42.4,14.5,3.7,5.1,3.4,16.3,23.39,5.07,NA 1.054,NA 3.808,14.23,85.4,5.07,23.39,5.07,NA 3.808,23.39,NA 1.054,29.61,7.04
,1,m,57-MR,12.66666667,MR13,Exp.2,Risk,,,,,,deep,fam1,left,right,shallow,39.47,21.22,60,60,57.5,42.2,10.1,12.9,60,43.28,7.89,8.06,40.45,242.7,25.67,33.94,43.28,8.06,60,7.89,39.47,21.22
,1,m,59-MR,13.06666667,MR13,Exp.2,Risk,,,,,,shallow,fam1,right,left,deep,26.79,7.62,60,60,60,60,54.3,4.6,60,46.17,60,48.82,49.82,298.9,60,47.5,60,60,46.17,48.82,7.62,26.79
,1,f,S5_1,10.3667,RISK10,Exp.1b,Risk,,,,,right,LV,LH,,,,,,60,60,21.3,3.6,5.5,2.7,24.94,13.03,7.44,9.08,25.52,153.1,16.19,11.06,24.94,7.44,13.03,9.08,,
,1,f,S5_2,10.3667,RISK10,Exp.1b,Risk,,,,,left,LV,HL,,,,,,60,53.2,33.2,5.1,8.5,4.8,34.62,41.24,14.73,28.74,27.47,164.8,24.68,34.99,34.62,14.73,41.24,28.74,,
,1,f,S5_3,10.2667,RISK10,Exp.1b,Risk,,,,,left,HV,LH,,,,,,60,60,36.5,40.7,30.6,13.4,15.31,33.44,7.82,5.64,40.2,241.2,19.54,11.57,33.44,5.64,15.31,7.82,,
,1,m,S5_4,10.3667,RISK10,Exp.1b,Risk,,,,,right,LV,HL,,,,,,60,60,44.9,11.3,23.9,16.6,13.29,8.58,6.79,3.3,36.12,216.7,10.04,5.94,13.29,6.79,8.58,3.3,,
,0,m,S5_5,10.1,RISK10,Exp.1b,Risk,,,,,right,HV,LH,,,,,,60,5.6,60,48.7,2.9,3.9,27.75,16.84,5.66,11.86,30.18,181.1,14.35,16.71,16.84,11.86,27.75,5.66,,
,0,f,S5_6,10.5333,RISK10,Exp.1b,Risk,,,,,left,LV,HL,,,,,,60,39.9,15.5,4.8,10.8,7,7,9.88,16.86,15.48,23,138,11.93,12.68,7,16.86,9.88,15.48,,
,1,f,S5_7,10.0667,RISK10,Exp.1b,Risk,,,,,right,LV,LH,,,,,,60,42.5,60,42.1,21.7,22.7,35.42,17.34,12.72,20.34,41.5,249,24.07,18.84,35.42,12.72,17.34,20.34,,
,0,f,S5_8,9.7667,RISK10,Exp.1b,Risk,,,,,right,LV,LH,,,,,,34.9,15.2,4.6,3.1,4.3,6.6,NA,NA,23.87,11.4,11.45,68.7,23.87,11.4,NA,23.87,NA,11.4,,
,1,f,S5_9,10.2667,RISK10,Exp.1b,Risk,,,,,right,HV,HL,,,,,,60,12.3,10.8,32.5,58.7,13.9,7.58,35.76,7.67,13.08,31.37,188.2,24.42,7.63,35.76,13.08,7.58,7.67,,
,1,m,S5_10,9.9333,RISK10,Exp.1b,Risk,,,,,left,LV,LH,,,,,,60,60,60,60,14.6,27.8,45.55,8.28,13.88,13.26,47.07,282.4,29.72,10.77,45.55,13.88,8.28,13.26,,
,1,m,S5_11,10.6333,RISK10,Exp.1b,Risk,,,,,left,LV,LH,,,,,,60,60,45.8,19.9,20.4,25.7,11.97,9.93,6.78,6.73,38.63,231.8,9.38,8.33,11.97,6.78,9.93,6.73,,
,1,f,S5_12,10.0667,RISK10,Exp.1b,Risk,,,,,right,LV,HL,,,,,,23.9,27.2,57,12.9,4.8,60,37.1,24.34,7.87,44.71,30.97,185.8,22.49,34.53,37.1,7.87,24.34,44.71,,
,0,m,S5_13,9.8,RISK10,Exp.1b,Risk,,,,,right,HV,LH,,,,,,60,24.7,31.4,21.7,19.5,25.6,60,29.45,35.41,9.88,30.48,182.9,19.67,47.71,29.45,9.88,60,35.41,,
,0,f,S5_14,10.6,RISK10,Exp.1b,Risk,,,,,left,HV,LH,,,,,,33.6,60,14.8,23.3,14.3,6.4,9.06,20.53,8.58,14.72,25.4,152.4,17.63,8.82,20.53,14.72,9.06,8.58,,
,0,f,S5_15,10.2333,RISK10,Exp.1b,Risk,,,,,left,LV,HL,,,,,,31.2,6.3,6.3,5.6,3.7,12.8,14.22,8.76,15.34,9.49,10.98,65.9,14.78,9.13,14.22,15.34,8.76,9.49,,
,0,f,S5_16,9.6,RISK10,Exp.1b,Risk,,,,,right,LV,LH,,,,,,23.4,8.3,12.2,8.5,3.1,3,7.16,7.32,15.01,7.26,9.75,58.5,11.09,7.29,7.16,15.01,7.32,7.26,,
,0,m,S5_17,10.0333,RISK10,Exp.1b,Risk,,,,,right,HV,HL,,,,,,60,60,53.2,58.5,6.9,3.5,37.22,24.93,16.09,6.8,40.35,242.1,15.87,26.66,24.93,6.8,37.22,16.09,,
,0,m,S5_18,10.1667,RISK10,Exp.1b,Risk,,,,,left,HV,HL,,,,,,60,60,6,14.3,27.2,4.7,19.04,21.22,12.79,7.87,28.7,172.2,14.55,15.92,21.22,7.87,19.04,12.79,,
,1,m,S5_19,9.8333,RISK10,Exp.1b,Risk,,,,,left,HV,HL,,,,,,60,60,60,34.3,21.8,10.3,60,26.16,35.51,12.48,41.07,246.4,19.32,47.76,26.16,12.48,60,35.51,,
,1,f,S5_20,10.3667,RISK10,Exp.1b,Risk,,,,,right,HV,HL,,,,,,60,60,29.2,60,48.4,4,25.47,8.33,6.91,6.98,43.6,261.6,7.66,16.19,8.33,6.98,25.47,6.91,,
,0,m,S5_21,9.6333,RISK10,Exp.1b,Risk,,,,,right,LV,HL,,,,,,60,60,35.2,17.9,10.8,21.1,56.8,15.89,4.07,4.19,34.17,205,30.44,10.04,56.8,4.07,15.89,4.19,,
,0,m,S5_22,10.4667,RISK10,Exp.1b,Risk,,,,,right,HV,LH,,,,,,60,60,60,27.5,12.4,9.9,16.18,20.07,NA,NA,38.3,229.8,20.07,16.18,20.07,NA,16.18,NA,,
,0,m,S5_23,9.6333,RISK10,Exp.1b,Risk,,,,,left,LV,LH,,,,,,60,25.3,49,12.1,17.7,10.5,25.27,24.22,6.72,37.59,29.1,174.6,16,30.91,25.27,6.72,24.22,37.59,,
,0,m,S5_24,10.1,RISK10,Exp.1b,Risk,,,,,left,HV,LH,,,,,,47.1,60,25.2,12.3,3.5,8.9,12.87,40.06,34.31,24.09,26.17,157,32.08,23.59,40.06,24.09,12.87,34.31,,
,0,m,S5_25,10.233,RISK10,Exp.1b,Risk,,,,,right,HV,LH,,,,,,60,60,60,11.3,21.1,10.4,16.84,4.09,NA,NA,37.13,222.8,4.09,16.84,4.09,NA,16.84,NA,,
,0,m,S5_26,10.0333,RISK10,Exp.1b,Risk,,,,,left,HV,HL,,,,,,60,60,39.6,32.1,5.1,4.7,17.99,21.39,NA,NA,33.58,201.5,21.39,17.99,21.39,NA,17.99,NA,,
,0,m,S5_27,10.3,RISK10,Exp.1b,Risk,,,,,left,LV,HL,,,,,,60,52.8,60,50.1,21.4,14.2,19.92,18.07,8.63,5.69,43.08,258.5,14.28,11.88,19.92,8.63,18.07,5.69,,
,0,f,S5_28,9.7333,RISK10,Exp.1b,Risk,,,,,left,HV,LH,,,,,,NA,NA,NA,NA,NA,NA,6.11,25.01,41.03,7.34,NA,NA,16.18,23.57,25.01,7.34,6.11,41.03,,
,1,f,S5_29,9.9667,RISK10,Exp.1b,Risk,,,,,left,HV,HL,,,,,,28.99,20.57,46.76,37.78,40.04,6.85,28.38,15.62,16.46,4.27,30.17,180.99,9.95,22.42,15.62,4.27,28.38,16.46,,
,1,m,S5_30,10.4,RISK10,Exp.1b,Risk,,,,,right,LV,HL,,,,,,59.6,19.4,10.8,4.2,3.7,3.9,9.32,5.42,3.42,13.29,16.93,101.6,6.37,9.36,9.32,3.42,5.42,13.29,,
,1,f,S5_31,9.8333,RISK10,Exp.1b,Risk,,,,,left,LV,LH,,,,,,60,60,23.2,42.9,14,22.6,24.65,60,60,12.8,37.12,222.7,42.33,36.4,24.65,60,60,12.8,,
,1,m,S5_32,10.5667,RISK10,Exp.1b,Risk,,,,,right,HV,HL,,,,,,60,60,60,60,60,60,39.41,60,19.82,60,60,360,60,29.62,60,60,39.41,19.82,,
,1,f,S4_1,12.867,RISK13,Exp.1,Risk,,,,,right,LV,LH,,,,,,60,60,52,12.3,12.3,3.5,37.08,23.92,NA,NA,33.35,200.1,37.08,23.92,37.08,NA,23.92,NA,,
,0,m,S4_10,13.4,RISK13,Exp.1,Risk,,,,,left,LV,LH,,,,,,60,42,15.9,9,17.1,24.4,14.26,8.04,NA,NA,28.07,168.4,14.26,8.04,14.26,NA,8.04,NA,,
,1,m,S4_11,13.1,RISK13,Exp.1,Risk,,,,,left,LV,LH,,,,,,60,60,60,60,29.9,19.7,13.99,7.04,14.93,23.03,48.27,289.6,14.46,15.04,13.99,14.93,7.04,23.03,,
,1,f,S4_12,12.567,RISK13,Exp.1,Risk,,,,,right,LV,HL,,,,,,25.7,60,60,4.7,30.8,23.8,12.47,6.01,13.16,3.41,34.17,205,12.82,4.71,12.47,13.16,6.01,3.41,,
,1,m,S4_13,13.2,RISK13,Exp.1,Risk,,,,,right,HV,LH,,,,,,60,60,23.6,13.6,60,60,32.23,14.2,10.78,29.55,46.2,277.2,21.88,21.51,14.2,29.55,32.23,10.78,,
,0,f,S4_14,12.633,RISK13,Exp.1,Risk,,,,,left,HV,LH,,,,,,60,60,60,60,30.8,44.6,52.54,33.63,22.56,49.6,52.57,315.4,41.62,37.55,33.63,49.6,52.54,22.56,,
,0,f,S4_15,12.6,RISK13,Exp.1,Risk,,,,,left,LV,HL,,,,,,60,60,41.8,5.5,6.2,14.5,22.4,8.85,7.58,8.21,31.33,188,14.99,8.53,22.4,7.58,8.85,8.21,,
,1,f,S4_16,12.733,RISK13,Exp.1,Risk,,,,,right,LV,LH,,,,,,60,60,40.9,22.7,7.3,24.4,28.52,14.68,38.52,3.43,35.88,215.3,33.52,9.06,28.52,38.52,14.68,3.43,,
,0,f,S4_17,12.567,RISK13,Exp.1,Risk,,,,,right,HV,HL,,,,,,60,60,3.6,19.4,3.7,3.7,25.62,18.54,7.83,4.65,25.07,150.4,11.6,16.73,18.54,4.65,25.62,7.83,,
,0,m,S4_18,12.567,RISK13,Exp.1,Risk,,,,,left,HV,HL,,,,,,60,7.4,47.7,15.5,8.2,5.1,15.54,12.56,7.33,8.21,23.98,143.9,10.39,11.44,12.56,8.21,15.54,7.33,,
,1,m,S4_19,12.567,RISK13,Exp.1,Risk,,,,,left,HV,HL,,,,,,60,60,60,38.6,31.6,21.7,54.08,22.14,20.77,19.93,45.32,271.9,21.04,37.43,22.14,19.93,54.08,20.77,,
,0,f,S4_2,13.467,RISK13,Exp.1,Risk,,,,,left,LV,HL,,,,,,34,15.4,3.8,15.6,23.1,12,16.96,6.85,14.46,22.82,17.32,103.9,15.71,14.84,16.96,14.46,6.85,22.82,,
,1,f,S4_20,13.233,RISK13,Exp.1,Risk,,,,,right,HV,HL,,,,,,60,30.2,12.1,19,9.4,2.1,35.18,23.23,20.43,8.01,22.13,132.8,15.62,27.81,23.23,8.01,35.18,20.43,,
,1,m,S4_21,12.767,RISK13,Exp.1,Risk,,,,,right,LV,HL,,,,,,60,43,15.4,6.6,27.3,3.9,13.4,10.34,NA,NA,26.03,156.2,13.4,10.34,13.4,NA,10.34,NA,,
,1,m,S4_22,12.767,RISK13,Exp.1,Risk,,,,,right,HV,LH,,,,,,38.4,60,34.8,10,4.6,NA,7.2,14.34,NA,NA,29.56,147.8,14.34,7.2,14.34,NA,7.2,NA,,
,1,m,S4_23,12.767,RISK13,Exp.1,Risk,,,,,left,LV,LH,,,,,,60,58.2,45,9.3,22.2,37.4,60,40.88,11.38,60,38.68,232.1,35.69,50.44,60,11.38,40.88,60,,
,0,m,S4_24,12.567,RISK13,Exp.1,Risk,,,,,left,HV,LH,,,,,,60,24.52,40.37,28.5,46.22,8.15,60,36.58,18.03,36.59,34.63,207.76,36.59,39.02,36.58,36.59,60,18.03,,
,0,m,S4_25,13.1,RISK13,Exp.1,Risk,,,,,right,HV,LH,,,,,,60,49.6,33,5.4,60,13.2,60,19.82,25.32,25.07,36.87,221.2,22.45,42.66,19.82,25.07,60,25.32,,
,1,m,S4_26,12.767,RISK13,Exp.1,Risk,,,,,left,HV,HL,,,,,,60,46.7,39.2,16.4,22.3,13.3,16.71,6.73,9.6,17.75,32.98,197.9,12.24,13.16,6.73,17.75,16.71,9.6,,
,1,f,S4_27,12.9,RISK13,Exp.1,Risk,,,,,left,LV,HL,,,,,,60,35.4,23.1,18.2,6.6,32.5,5.18,7.87,11.78,11.77,29.3,175.8,8.48,9.82,5.18,11.78,7.87,11.77,,
,0,f,S4_28,13.167,RISK13,Exp.1,Risk,,,,,left,HV,LH,,,,,,60,60,20.7,11,4,6.1,24.21,60,39.79,60,26.97,161.8,60,32,60,60,24.21,39.79,,
,1,f,S4_29,12.6,RISK13,Exp.1,Risk,,,,,left,HV,HL,,,,,,48.7,20.7,60,13.9,23.5,12.4,11.49,18.21,27.29,23.61,29.87,179.2,20.91,19.39,18.21,23.61,11.49,27.29,,
,0,f,S4_3,12.833,RISK13,Exp.1,Risk,,,,,left,HV,LH,,,,,,51,6.4,16.5,6.4,2.3,2.3,9.88,15.17,29.63,60,14.15,84.9,37.59,19.76,15.17,60,9.88,29.63,,
,0,m,S4_30,13.067,RISK13,Exp.1,Risk,,,,,right,LV,HL,,,,,,60,33.2,37.8,20.2,53.3,14,33.84,9.02,13.57,8.06,36.42,218.5,23.71,8.54,33.84,13.57,9.02,8.06,,
,1,m,S4_31,12.933,RISK13,Exp.1,Risk,,,,,left,LV,LH,,,,,,60,60,57.8,43.2,14.2,42.4,60,59.6,45.18,12.32,46.27,277.6,52.59,35.96,60,45.18,59.6,12.32,,
,0,f,S4_32,13.1,RISK13,Exp.1,Risk,,,,,right,HV,HL,,,,,,35.3,7.2,3,4.3,21.3,11.4,9.05,14.32,NA,NA,13.75,82.5,14.32,9.05,14.32,NA,9.05,NA,,
,1,m,S4_4,13.133,RISK13,Exp.1,Risk,,,,,right,LV,HL,,,,,,60,60,46.8,11.8,22,3.6,37.69,15.09,7.55,6.96,34.03,204.2,22.62,11.03,37.69,7.55,15.09,6.96,,
,1,m,S4_5,12.967,RISK13,Exp.1,Risk,,,,,right,HV,LH,,,,,,60,60,10.3,60,7.1,60,9.44,51.73,7.74,8.13,42.9,257.4,29.93,8.59,51.73,8.13,9.44,7.74,,
,0,f,S4_6,12.967,RISK13,Exp.1,Risk,,,,,left,LV,HL,,,,,,60,60,8.7,13.9,43.1,20.6,15.27,53.67,47.61,44.55,34.38,206.3,31.44,49.11,15.27,47.61,53.67,44.55,,
,0,f,S4_7,12.833,RISK13,Exp.1,Risk,,,,,right,LV,LH,,,,,,54.6,60,13.7,15.3,60,22.5,47.76,37.88,NA,NA,37.68,226.1,47.76,37.88,47.76,NA,37.88,NA,,
,0,f,S4_8,12.633,RISK13,Exp.1,Risk,,,,,right,LV,LH,,,,,,60,24.5,6.7,23.5,26,10.7,17.2,29.8,12.61,18.91,25.23,151.4,14.91,24.36,17.2,12.61,29.8,18.91,,
,0,f,S4_9,13,RISK13,Exp.1,Risk,,,,,right,HV,HL,,,,,,60,34.6,10.4,57.7,4.5,16.2,23.54,23.27,NA,NA,30.57,183.4,23.27,23.54,23.27,NA,23.54,NA,,
,0,m,1,12.28646518,MR2,Exp.3,Risk,5,5,laptop,1,,deep,fam2,left,left,deep,NA,NA,39.14,9.21,8.84,8.88,8.51,21.48,39.6,58.71,8.12,20.49,16.01,96.06,39.6,21.91,58.71,20.49,39.6,8.12,NA,NA
,1,m,2,13.00919842,MR2,Exp.3,Risk,5,5,laptop,1,,shallow,fam1,left,left,shallow,15.69,8.18,60,60,52.7,49.29,7.75,8.25,21.89,32.62,NA 29.078,NA 14.26,39.66,237.99,21.89,32.62,21.89,NA 29.078,32.62,NA 14.26,15.69,8.18
,0,m,3,13.96189225,MR2,Exp.3,Risk,5,5,laptop,1,,shallow,fam2,right,right,shallow,16.55,5.33,53.92,11.78,39.18,48.42,18.48,25.73,13.52,28.64,NA 3.658,NA 7.936,32.92,197.52,13.52,28.64,13.52,NA 3.658,28.64,NA 7.936,16.55,5.33
,0,m,4,14.19185283,MR2,Exp.3,Risk,5,5,laptop,1,,deep,fam1,right,right,deep,6.82,7.32,60,41.29,59.07,14.01,3.97,47.74,12.28,10.73,11.84,13.83,37.68,226.08,12.28,16.43,10.73,13.83,12.28,11.84,7.32,6.82
,1,m,5,13.89618922,MR2,Exp.3,Risk,5,5,laptop,1,,deep,fam2,left,left,deep,11.16,4.46,59.26,60,58.9,44.02,17.24,36.83,9.61,9.61,NA 10.106,NA 10.726,46.04,276.24,9.61,21.76,9.61,NA 10.726,9.61,NA 10.106,4.46,11.16
,0,m,6,13.79763469,MR2,Exp.3,Risk,5,5,laptop,1,,shallow,fam1,left,left,shallow,20.96,12.28,60,15.56,NA 2.79,13.14,57.33,12.9,31.62,NA,31.62,27.84,31.79,158.94,31.62,27.84,31.62,31.62,NA,27.84,20.96,12.28
,1,m,7,13.8304862,MR2,Exp.3,Risk,5,5,laptop,1,,shallow,fam2,right,right,shallow,15.15,7.33,60,30.63,55.94,20.79,21.35,19.37,14.12,20.06,8.68,24.29,34.68,208.08,14.12,22.18,14.12,8.68,20.06,24.29,15.15,7.33
,1,f,8,13.46911958,MR2,Exp.3,Risk,5,5,laptop,1,,deep,fam1,right,right,deep,29.64,8.49,60,60,58.4,7.75,NA 4.154,48.98,17.24,26.85,10.04,7.63,47.03,235.13,17.24,17.36,26.85,7.63,17.24,10.04,8.49,29.64
,1,m,9,14.15900131,MR2,Exp.3,Risk,4,4,laptop,1,,deep,fam2,left,left,deep,12.34,14.2,60,8.93,NA 6.944,53.86,16.55,24.3,21.05,27.03,49.97,15.07,32.73,163.65,21.05,38.35,27.03,15.07,21.05,49.97,14.2,12.34
,0,m,10,15.44021025,MR2,Exp.3,Risk,5,5,laptop,0,,shallow,fam1,left,left,shallow,7.87,10.54,60,58.7,17.05,15.81,26.29,40.55,7.38,21.95,7.56,45.63,36.4,218.4,7.38,33.79,7.38,7.56,21.95,45.63,7.87,10.54
,1,m,11,14.91458607,MR2,Exp.3,Risk,5,5,laptop,0,,shallow,fam2,right,right,shallow,11.47,5.83,49.48,56.11,8.62,NA 1.55,19.78,3.6,36.92,54.23,36.52,23.44,27.52,137.58,36.92,38.84,36.92,36.52,54.23,23.44,11.47,5.83
,0,m,12,13.8304862,MR2,Exp.3,Risk,5,4,laptop,0,,deep,fam1,right,right,deep,NA 38.936,NA 15.128,60,60,58.95,58.82,32.92,8.25,27.37,16.86,30.75,37.88,46.49,278.94,27.37,28.64,16.86,37.88,27.37,30.75,NA 15.128,NA 38.936
,1,m,13,13.17345598,MR2,Exp.3,Risk,4,4,ipad,1,,deep,fam2,left,left,deep,16.86,9.98,59.13,60,60,47.62,16.86,7.75,7.35,8.12,7.87,6.57,41.89,251.36,7.35,7.81,8.12,6.57,7.35,7.87,9.98,16.86
,1,m,14,13.27201051,MR2,Exp.3,Risk,5,5,laptop,1,,shallow,fam1,left,left,shallow,18.04,14.69,60,58.51,56.47,60,41.79,6.01,21.95,8.06,NA 12.958,NA 2.232,47.13,282.78,21.95,8.06,21.95,NA 12.958,8.06,NA 2.232,18.04,14.69
,0,m,15,15.67017083,MR2,Exp.3,Risk,5,5,ipad,1,,shallow,fam2,right,right,shallow,11.59,10.79,59.32,56.71,51.38,NA 18.538,32.3,7.19,11.13,8.56,9.73,9.67,41.38,206.91,11.13,9.11,11.13,9.73,8.56,9.67,11.59,10.79
,0,f,16,13.63337714,MR2,Exp.3,Risk,NA,NA,ipad,1,,deep,fam1,right,right,deep,NA 8.37,NA 5.332,60,13.45,60,52.76,25.05,60,10.11,NA 9.672,15,10.11,45.21,271.26,10.11,15,NA 9.672,10.11,10.11,15,NA 5.332,NA 8.37
,1,f,17,13.89618922,MR2,Exp.3,Risk,5,5,laptop,0,,deep,fam2,left,left,deep,13.83,40.98,60,56.78,60,60,50.9,9.36,32.86,32.86,NA 18.538,NA 2.79,49.51,297.04,32.86,34.16,32.86,NA 2.79,32.86,NA 18.538,40.98,13.83
,1,m,18,15.60446781,MR2,Exp.3,Risk,4,4,laptop,0,,shallow,fam1,left,left,shallow,47.24,9.49,60,60,57.71,NA 41.292,58.57,14.2,21.61,15.62,6.88,7.01,50.1,250.48,21.61,11.32,21.61,6.88,15.62,7.01,47.24,9.49
,0,m,19,14.98028909,MR2,Exp.3,Risk,NA,NA,laptop,0,,shallow,fam2,right,right,shallow,12.28,8.12,60,60,59.01,25.48,20.34,24.18,13.09,23.13,7.33,15.38,41.5,249.01,13.09,19.25,13.09,7.33,23.13,15.38,12.28,8.12
,0,f,20,15.11169514,MR2,Exp.3,Risk,5,5,laptop,1,,deep,fam1,right,right,deep,15.62,13.64,60,56.96,58.64,59.07,57.02,57.95,38.75,NA,46.62,38.75,58.27,349.65,38.75,46.62,NA,38.75,38.75,46.62,13.64,15.62
,0,f,21,13.56767411,MR2,Exp.3,Risk,5,5,laptop,0,,deep,fam2,left,left,deep,7.25,12.34,35.53,56.9,57.52,25.05,59.38,NA 43.586,6.08,NA 1.364,16.12,6.08,46.87,234.37,6.08,16.12,NA 1.364,6.08,6.08,16.12,12.34,7.25
,1,f,22,14.61892247,MR2,Exp.3,Risk,5,5,laptop,1,,shallow,fam1,left,left,shallow,17.48,7.56,58.64,58.14,24.68,14.45,23.19,18.1,13.58,11.22,8.06,8.18,32.87,197.19,13.58,9.7,13.58,8.06,11.22,8.18,17.48,7.56
,1,f,23,13.99474376,MR2,Exp.3,Risk,4,4,laptop,0,,shallow,fam2,right,right,shallow,22.63,9.18,60,60,59.19,37.39,2.11,40.98,17.27,31.81,23.75,14.57,43.28,259.67,17.27,23.19,17.27,23.75,31.81,14.57,22.63,9.18
,0,f,24,14.09329829,MR2,Exp.3,Risk,5,5,laptop,1,,deep,fam1,right,right,deep,17.24,16.06,59.44,58.26,57.58,56.92,8.8,7.63,9.24,9.24,NA 28.458,NA 48.05,41.44,248.63,9.24,16.37,9.24,NA 48.05,9.24,NA 28.458,16.06,17.24
,0,f,25,13.5348226,MR2,Exp.3,Risk,5,5,laptop,1,,deep,fam2,left,left,deep,4.71,16.86,57.71,58.57,56.78,12.15,14.76,12.65,12.46,17.61,18.04,7.32,35.44,212.61,12.46,18.97,17.61,7.32,12.46,18.04,16.86,4.71
,1,f,26,14.06044678,MR2,Exp.3,Risk,5,5,laptop,1,,shallow,fam1,left,left,shallow,4.15,1.36,29.14,58.08,57.71,43.4,13.21,NA 38.378,13.33,NA 59.008,13.33,12.34,40.31,201.53,13.33,12.34,13.33,13.33,NA 59.008,12.34,4.15,1.36
,1,f,27,13.40341656,MR2,Exp.3,Risk,5,5,laptop,0,,shallow,fam2,right,right,shallow,15.31,7.13,56.78,60,53.86,12.4,NA 3.844,11.41,11.87,8,9.42,6.57,38.89,194.45,11.87,7.29,11.87,9.42,8,6.57,15.31,7.13
,0,f,28,14.84888305,MR2,Exp.3,Risk,5,5,laptop,1,,deep,fam1,right,right,deep,20.96,1.61,60,60,60,30.75,55.66,56.96,19.53,NA,36.89,19.53,53.9,323.37,19.53,36.89,NA,19.53,19.53,36.89,1.61,20.96
,0,f,29,13.43626807,MR2,Exp.3,Risk,5,5,laptop,1,,deep,fam2,left,left,deep,20.15,5.08,60,17.48,5.39,60,14.38,14.07,8.53,8.8,8.62,8.26,28.56,171.34,8.53,8.8,8.8,8.26,8.53,8.62,5.08,20.15
,1,f,30,14.06044678,MR2,Exp.3,Risk,5,5,laptop,1,,shallow,fam1,left,left,shallow,9.92,13.76,60,60,60,59.19,14.07,56.65,20.37,15.25,13.64,37.7,51.65,309.92,20.37,26.47,20.37,13.64,15.25,37.7,9.92,13.76
,1,f,31,13.66622865,MR2,Exp.3,Risk,5,5,ipad,1,,shallow,fam2,right,right,shallow,5.7,13.21,59.57,17.05,25.67,18.79,17.92,7.19,17.14,25.3,15.62,22.38,24.36,146.18,17.14,23.84,17.14,15.62,25.3,22.38,5.7,13.21
,0,f,32,15.47306176,MR2,Exp.3,Risk,5,5,laptop,0,,deep,fam1,right,right,deep,6.2,9.05,60,60,23.68,60,37.01,54.3,13.76,NA 13.144,15.25,13.76,49.17,294.99,13.76,15.25,NA 13.144,13.76,13.76,15.25,9.05,6.2
,1,f,33,15.04599212,MR2,Exp.3,Risk,5,5,laptop,0,,deep,fam2,left,left,deep,36.77,11.72,60,60,58.33,57.95,35.22,58.51,17.7,25.42,43.46,9.98,55,330.01,17.7,32.18,25.42,9.98,17.7,43.46,11.72,36.77
,0,f,34,15.40735874,MR2,Exp.3,Risk,5,5,laptop,0,,shallow,fam1,left,left,shallow,NA 4.712,NA 19.282,60,60,60,56.79,17.55,14.38,14.07,60,NA 7.812,NA 3.038,44.79,268.72,14.07,60,14.07,NA 7.812,60,NA 3.038,NA 4.712,NA 19.282
,1,f,35,15.11169514,MR2,Exp.3,Risk,4,4,ipad,1,,shallow,fam2,right,right,shallow,NA 12.462,NA 7.192,60,28.71,NA 38.316,57.46,22.44,20.09,11.59,7.81,8.06,11.9,37.74,188.7,11.59,9.86,11.59,8.06,7.81,11.9,NA 12.462,NA 7.192
,1,f,36,12.91064389,MR2,Exp.3,Risk,5,5,laptop,1,,deep,fam1,right,right,deep,15.19,12.28,60,43.34,59.94,NA 5.518,39.8,37.76,NA 13.7,NA 1.798,24.8,13.7,48.17,240.84,13.7,24.8,NA 1.798,13.7,NA 13.7,24.8,12.28,15.19
,0,f,37,13.04204993,MR2,Exp.3,Risk,5,5,ipad,0,,deep,fam2,left,left,deep,NA 0,NA 9.858,60,48.92,23.68,41.11,8.56,11.78,6.2,6.64,4.96,5.77,32.34,194.04,6.2,14.23,6.64,5.77,6.2,4.96,NA 9.858,NA 0
,0,f,38,13.04204993,MR2,Exp.3,Risk,5,5,ipad,0,,shallow,fam1,left,left,shallow,13.08,10.91,60,59.19,24.18,12.83,9.55,9.42,7.32,19.47,NA 6.448,NA 3.1,29.2,175.18,7.32,19.47,7.32,NA 6.448,19.47,NA 3.1,13.08,10.91
,1,f,39,12.97634691,MR2,Exp.3,Risk,5,5,ipad,1,,shallow,fam2,right,right,shallow,9.36,5.95,37.57,48.92,59.19,29.88,9.49,24.68,13.61,6.82,7.56,28.71,34.96,209.73,13.61,17.76,13.61,7.56,6.82,28.71,9.36,5.95
,0,f,40,12.28646518,MR2,Exp.3,Risk,5,5,laptop,0,,deep,fam1,right,right,deep,20.52,6.88,60,56.84,14.38,2.29,55.91,31.87,34.94,22.26,22.82,47.62,36.88,221.29,34.94,25.58,22.26,47.62,34.94,22.82,6.88,20.52
,0,m,41,12.68068331,MR2,Exp.3,Risk,5,5,laptop,0,,shallow,fam1,left,left,shallow,NA 1.86,NA 13.144,22.13,60,60,59.57,60,46.13,34.46,41.04,11.66,8.25,51.3,307.83,34.46,24.65,34.46,11.66,41.04,8.25,NA 1.86,NA 13.144
,1,m,42,12.68068331,MR2,Exp.3,Risk,5,5,laptop,0,,shallow,fam1,left,left,shallow,21.08,6.14,59.13,60,56.9,15.5,NA 4.96,12.77,10.79,15.44,NA 10.726,NA 16.12,40.86,204.3,10.79,15.44,10.79,NA 10.726,15.44,NA 16.12,21.08,6.14
1,1,m,10m_1,9.53,MR3,Exp.3b,Risk,5,5,ipad,0,A,deep,fam1,right,right,deep,9.548,6.173,60,56.094,17.05,49.166,NA_5.89,7.812,6.138,9.362,10.478,2.79,38.0244,190.122,6.076,8.308,9.362,2.79,6.138,10.478,6.173,21.08
5,1,m,10m_5,10.43,MR3,Exp.3b,Risk,5,5,laptop,0,A,deep,fam1,right,right,deep,4.96,8.618,60,60,57.334,59.008,39.618,NA_17.422,7.75,46.19,32.054,15.066,55.192,275.96,30.628,19.902,46.19,15.066,7.75,32.054,8.618,9.548
9,1,m,10m_9,9.83,MR3,Exp.3b,Risk,5,5,laptop,0,A,deep,fam1,right,right,deep,13.02,5.952,60,60,60,59.194,NA_27.59,23.188,14.694,8.866,NA_9.362,NA_5.89,52.4764,262.382,8.866,14.694,8.866,NA_5.89,14.694,NA_9.362,5.952,4.96
13,0,m,10m_13,10.06,MR3,Exp.3b,Risk,5,5,ipad,1,A,deep,fam1,right,right,deep,20.088,17.36,60,60,53.986,59.628,59.566,60,48.174,44.888,22.444,15.934,58.86333333,353.18,30.411,35.309,44.888,15.934,48.174,22.444,17.36,13.02
17,0,m,10m_17,9.83,MR3,Exp.3b,Risk,4,5,ipad,1,A,deep,fam1,right,right,deep,11.656,10.664,58.016,58.698,28.83,2.17,57.334,4.216,21.39,46.376,6.944,24.924,34.87733333,209.264,35.65,14.167,46.376,24.924,21.39,6.944,10.664,20.088
21,0,f,10m_21,10.7,MR3,Exp.3b,Risk,5,5,laptop,0,A,deep,fam1,right,right,deep,31.372,9.238,18.352,NA_2.108,12.4,7.998,25.668,9.114,16.678,9.424,8.37,15.128,14.7064,73.532,12.276,12.524,9.424,15.128,16.678,8.37,9.238,11.656
25,0,f,10m_25,10.56,MR3,Exp.3b,Risk,5,5,laptop,1,A,deep,fam1,right,right,deep,8.37,8.618,55.164,NA_0.496,54.358,39.928,25.296,NA_4.65,14.26,13.144,7.936,44.578,43.6865,174.746,28.861,11.098,13.144,44.578,14.26,7.936,8.618,31.372
29,0,f,10m_29,9.93,MR3,Exp.3b,Risk,5,5,ipad,0,A,deep,fam1,right,right,deep,14.074,8.308,29.202,28.644,18.786,19.84,45.198,11.408,35.34,16.244,5.146,6.014,25.513,153.078,11.129,20.243,16.244,6.014,35.34,5.146,8.308,8.37
33,0,f,10m_33,9.8,MR3,Exp.3b,Risk,5,5,laptop,0,A,deep,fam1,right,right,deep,4.03,4.03,14.384,13.95,31.868,NA_4.588,NA_4.712,13.764,46.872,4.464,45.787,9.24,18.4915,73.966,6.852,46.3295,4.464,9.24,46.872,45.787,4.03,14.074
37,1,f,10m_37,10.23,MR3,Exp.3b,Risk,5,5,laptop,1,A,deep,fam1,right,right,deep,20.328,4.752,59.142,NA_3.861,33.363,13.563,NA_3.201,29.37,58.548,38.511,13.563,43.263,33.8595,135.438,40.887,36.0555,38.511,43.263,58.548,13.563,4.752,4.03
2,0,m,10m_2,10.03,MR3,Exp.3b,Risk,5,5,laptop,0,B,shallow,fam2,right,right,shallow,21.824,6.262,56.652,60,60,28.024,15.376,22.692,20.026,12.152,NA_3.038,NA_2.232,40.45733333,242.744,20.026,12.152,20.026,NA_3.038,12.152,NA_2.232,21.824,6.262
6,0,m,10m_6,10.73,MR3,Exp.3b,Risk,4,4,ipad,1,B,shallow,fam2,right,right,shallow,26.35,9.672,58.946,60,57.21,31.806,30.69,14.818,9.92,6.758,9.238,7.378,42.245,253.47,9.579,7.068,9.92,9.238,6.758,7.378,26.35,9.672
10,0,m,10m_10,10.73,MR3,Exp.3b,Risk,5,5,laptop,0,B,shallow,fam2,right,right,shallow,12.09,6.882,NA_24.738,34.162,35.03,12.214,55.412,14.384,14.012,7.874,7.936,6.386,30.2404,151.202,10.974,7.13,14.012,7.936,7.874,6.386,12.09,6.882
14,1,m,10m_14,10.66,MR3,Exp.3b,Risk,5,5,ipad,1,B,shallow,fam2,right,right,shallow,7.13,9.362,60,60,60,60,58.76,24.8,8.432,9.238,5.58,14.078,53.92666667,323.56,7.006,11.658,8.432,5.58,9.238,14.078,7.13,9.362
22,1,f,10m_22,10.26,MR3,Exp.3b,Risk,5,5,ipad,0,B,shallow,fam2,right,right,shallow,16.058,7.626,60,60,24.49,NA_6.758,6.882,44.33,29.264,16.12,51.15,15.934,39.1404,195.702,40.207,16.027,29.264,51.15,16.12,15.934,16.058,7.626
26,1,f,10m_26,11.06,MR3,Exp.3b,Risk,5,5,laptop,0,B,shallow,fam2,right,right,shallow,12.772,37.696,60,60,58.326,NA_45.322,27.032,33.232,56.156,43.448,8.866,11.346,47.718,238.59,32.511,27.397,56.156,8.866,43.448,11.346,12.772,37.696
30,1,f,10m_30,10.4,MR3,Exp.3b,Risk,5,5,laptop,1,B,shallow,fam2,right,right,shallow,NA_13.578,NA_8.742,34.162,45.198,NA_4.154,NA_5.456,NA_4.588,10.726,22.32,9.734,10.044,10.602,30.02866667,90.086,16.182,10.168,22.32,10.044,9.734,10.602,NA_13.578,NA_8.742
34,1,f,10m_34,9.8,MR3,Exp.3b,Risk,5,5,laptop,0,B,shallow,fam2,right,right,shallow,23.002,21.452,60,60,60,8.99,16.616,12.71,57.458,6.324,5.828,16.678,36.386,218.316,31.643,11.501,57.458,5.828,6.324,16.678,23.002,21.452
38,1,f,10m_38,10.66,MR3,Exp.3b,Risk,4,5,ipad,1,B,shallow,fam2,right,right,shallow,10.292,4.96,55.428,54.916,40.486,28.086,29.698,9.362,11.222,14.074,5.704,21.948,36.32933333,217.976,8.463,18.011,11.222,5.704,14.074,21.948,10.292,4.96
3,1,m,10m_3,10.4,MR3,Exp.3b,Risk,5,5,laptop,1,C,shallow,fam1,left,left,shallow,9.796,5.642,28.458,6.634,16.492,13.95,20.584,12.958,14.632,26.784,13.02,6.882,16.51266667,99.076,13.826,16.833,14.632,13.02,26.784,6.882,9.796,5.642
7,1,m,10m_7,11,MR3,Exp.3b,Risk,4,4,ipad,1,C,shallow,fam1,left,left,shallow,6.262,6.634,27.156,10.726,6.572,6.696,8.804,8.556,12.214,4.898,8.556,6.448,11.41833333,68.51,10.385,5.673,12.214,8.556,4.898,6.448,6.262,6.634
11,0,m,10m_11,10.06,MR3,Exp.3b,Risk,5,5,laptop,0,C,shallow,fam1,left,left,shallow,6.572,5.332,30.566,40.734,NA_4.34,12.524,NA_5.456,13.268,21.452,4.526,25.544,11.098,24.273,97.092,23.498,7.812,21.452,25.544,4.526,11.098,6.572,5.332
15,0,m,10m_15,10.23,MR3,Exp.3b,Risk,5,5,laptop,0,C,shallow,fam1,left,left,shallow,11.284,10.912,60,58.946,57.396,39.742,7.378,NA_4.836,7.998,40.052,6.696,15.996,44.6924,223.462,7.347,28.024,7.998,6.696,40.052,15.996,11.284,10.912
18,1,f,10m_18,10.16,MR3,Exp.3b,Risk,5,5,laptop,0,C,shallow,fam1,left,left,shallow,23.064,10.602,60,25.11,14.508,39.184,15.872,8.308,32.302,23.126,8.99,11.408,27.16366667,162.982,20.646,17.267,32.302,8.99,23.126,11.408,23.064,10.602
19,1,m,10m_19,10.3,MR3,Exp.3b,Risk,5,5,laptop,0,C,shallow,fam1,left,left,shallow,11.583,4.836,57.226,60,60,60,38.068,14.632,12.772,9.858,15.438,18.228,48.321,289.926,14.105,14.043,12.772,15.438,9.858,18.228,11.583,4.836
23,0,f,10m_23,10.26,MR3,Exp.3b,Risk,5,5,laptop,0,C,shallow,fam1,left,left,shallow,21.948,9.362,60,60,60,60,60,60,43.71,16.306,8.432,19.034,60,360,26.071,17.67,43.71,8.432,16.306,19.034,21.948,9.362
27,0,f,10m_27,10.2,MR3,Exp.3b,Risk,5,5,laptop,0,C,shallow,fam1,left,left,shallow,17.98,7.688,59.69,60,NA_3.658,57.458,35.402,51.708,13.888,13.516,NA_7.502,NA_2.418,52.8516,264.258,13.888,13.516,13.888,NA_7.502,13.516,NA_2.418,17.98,7.688
31,1,f,10m_31,9.9,MR3,Exp.3b,Risk,4,4,laptop,0,C,shallow,fam1,left,left,shallow,9.92,10.23,60,57.458,23.746,31.186,12.524,15.252,43.462,7.192,31.248,14.694,33.361,200.166,37.355,10.943,43.462,31.248,7.192,14.694,9.92,10.23
35,0,f,10m_35,10.06,MR3,Exp.3b,Risk,5,5,laptop,0,C,shallow,fam1,left,left,shallow,12.4,3.596,NA_63.054,13.268,58.016,31,18.538,NA_15.19,NA_19.406,NA_13.764,8.122,6.51,30.2055,120.822,8.122,6.51,NA_19.406,8.122,NA_13.764,6.51,12.4,3.596
39,0,f,10m_39,10.03,MR3,Exp.3b,Risk,5,5,laptop,0,C,shallow,fam1,left,left,shallow,19.107,39.927,60,60,58.449,59.01,56.106,37.587,25.41,15.048,NA_31.152,NA_2.673,55.192,331.152,25.41,15.048,25.41,NA_31.152,15.048,NA_2.673,19.107,39.927
4,0,m,10m_4,10.03,MR3,Exp.3b,Risk,5,5,ipad,0,D,deep,fam2,left,left,deep,24.366,8.37,NA_21.39,7.564,40.424,12.648,32.302,52.018,14.694,16.616,13.64,5.89,28.9912,144.956,11.253,14.167,16.616,5.89,14.694,13.64,8.37,19.107
8,0,m,10m_8,10.5,MR3,Exp.3b,Risk,5,5,laptop,1,D,deep,fam2,left,left,deep,14.446,22.444,60,56.9,11.532,14.322,10.974,38.192,9.796,8.68,14.322,17.236,31.98666667,191.92,12.958,12.059,8.68,17.236,9.796,14.322,22.444,24.366
12,1,m,10m_12,9.7,MR3,Exp.3b,Risk,5,4,laptop,0,D,deep,fam2,left,left,deep,9.672,6.386,55.66,24.118,59.504,49.6,7.192,NA_7.316,17.98,13.888,NA_9.486,NA_8.246,39.2148,196.074,13.888,17.98,13.888,NA_8.246,17.98,NA_9.486,6.386,14.446
16,1,m,10m_16,9.63,MR3,Exp.3b,Risk,5,5,laptop,1,D,deep,fam2,left,left,deep,17.112,15.252,28.272,58.574,33.542,12.896,26.598,NA_3.596,9.92,19.344,NA_20.894,NA_15.004,31.9764,159.882,19.344,9.92,19.344,NA_15.004,9.92,NA_20.894,15.252,9.672
20,0,m,10m_20,9.9,MR3,Exp.3b,Risk,5,5,laptop,1,D,deep,fam2,left,left,deep,6.882,6.014,11.284,4.092,2.666,22.692,10.602,21.39,9.424,24.118,8.246,7.068,12.121,72.726,15.593,8.835,24.118,7.068,9.424,8.246,6.014,17.112
24,1,f,10m_24,10.53,MR3,Exp.3b,Risk,5,5,ipad,0,D,deep,fam2,left,left,deep,NA_27.28,NA_7.936,60,58.14,31,18.972,8.928,16.802,31.744,19.22,12.648,38.75,32.307,193.842,28.985,22.196,19.22,38.75,31.744,12.648,NA_7.936,6.882
28,1,f,10m_28,10.36,MR3,Exp.3b,Risk,5,4,laptop,0,D,deep,fam2,left,left,deep,NA_10.044,NA_5.766,60,NA_48.98,60,14.074,12.648,21.886,19.84,9.672,NA_18.476,NA_20.77,33.7216,168.608,9.672,19.84,9.672,NA_20.77,19.84,NA_18.476,NA_5.766,NA_27.28
32,1,f,10m_32,10.23,MR3,Exp.3b,Risk,5,5,laptop,0,D,deep,fam2,left,left,deep,11.844,5.146,57.784,NA_15.872,NA_5.146,29.326,42.904,20.832,9.176,5.828,3.844,3.41,37.7115,150.846,4.619,6.51,5.828,3.41,9.176,3.844,5.146,NA_10.044
36,0,f,10m_36,10.13,MR3,Exp.3b,Risk,5,5,ipad,0,D,deep,fam2,left,left,deep,10.912,21.39,37.2,19.406,58.636,19.158,9.486,9.114,8.618,13.268,8.68,22.382,25.5,153,17.825,8.649,13.268,22.382,8.618,8.68,21.39,11.844
40,0,m,10m_40,10.8,MR3,Exp.3b,Risk,5,4.5,laptop,0,D,deep,fam2,left,left,deep,15.004,7.006,34.41,NA_5.89,45.88,27.9,29.822,12.214,NA_21.018,NA_5.084,28.148,5.766,30.0452,150.226,5.766,28.148,NA_5.084,5.766,NA_21.018,28.148,7.006,10.912